cat,sid,name,papers,qs,cover,topics,avgPerTopic,drillHits,grade
civil,p001,"國文",6,60,100,52,1.2,0,普通
civil,g004,"行政法（一般行政組）",6,150,100,44,3.4,0,好
civil,g006,"民法（財稅行政組）",6,150,100,99,1.5,124,普通
civil,g007,"稅務法規（財稅行政組）",6,150,100,17,8.8,76,好
civil,g008,"財政學（財稅行政組）",6,150,100,66,2.3,5,好
civil,g010,"會計學",6,150,100,104,1.4,0,普通
civil,g011,"中級會計學",6,120,100,87,1.4,2,普通
civil,g017,"行政法（法制組）",6,150,100,44,3.4,0,好
civil,g021,"民法（公平交易管理組）",6,150,100,107,1.4,7,普通
civil,g024,"海洋事務總論",6,150,100,113,1.3,8,普通
civil,g028,"刑法",3,75,100,40,1.9,50,普通
civil,g030,"經濟學與財政學概論",3,60,100,27,2.2,0,好
civil,g031,"經濟學與貨幣銀行學",1,25,100,25,1,0,普通
civil,g032,"政府會計（審計組）",1,25,100,12,2.1,0,好
civil,g033,"審計學（審計組）",1,25,100,21,1.2,0,普通
civil,g034,"民法（智慧財產行政組）",1,25,100,4,6.3,0,好
civil,p016,"經濟學概要",6,300,100,162,1.8,10,普通
civil,p017,"政府會計概要",6,120,100,30,4,16,好
civil,p020,"衛生行政學概要",6,150,100,112,1.3,12,普通
civil,p021,"圖書資訊學概要",6,150,100,114,1.3,2,普通
civil,p028,"會計學概要（會計組）",3,60,100,47,1.3,1,普通
civil,p029,"會計法規概要",3,60,100,6,10,37,好
civil,p031,"經濟學與貨幣銀行學概要",1,50,100,10,5,0,好
civil,g022,"租稅法",3,75,100,9,8.3,36,好
civil,g023,"納稅者權利保護法及稅捐稽徵法",3,75,100,7,10.7,49,好
civil,p011,"移民法規概要",6,300,100,25,12,227,好
civil,p018,"成本與管理會計概要",6,120,100,21,5.7,2,好
civil,p019,"審計學概要",6,120,100,71,1.7,6,普通
civil,a001,"國文",6,60,100,39,1.5,0,普通
civil,a006,"民法（財稅行政組）",6,150,100,120,1.3,2,普通
civil,a007,"稅務法規",6,150,100,22,6.8,80,好
civil,a020,"經濟學與財政學概論",2,40,100,23,1.7,17,普通
civil,a021,"基礎能力測驗",2,60,100,31,1.9,18,普通
civil,b001,"國文",6,60,100,16,3.8,16,好
civil,b011,"偵查法學與犯罪偵查",6,150,100,44,3.4,31,好
civil,b027,"會計法規概要",2,40,100,5,8,19,好
civil,b028,"經濟學與財政學概要",2,100,100,53,1.9,37,普通
civil,a012,"審計學",6,150,100,112,1.3,2,普通
civil,b017,"犯罪偵查",6,240,100,139,1.7,69,普通
civil,c017,"水上警察情境實務概要",6,180,100,83,2.2,22,好
civil,c021,"刑法概要",6,200,100,61,3.3,75,好
civil,c024,"海巡法規概要（一般警察・水上警察人員航海組組）",6,300,100,70,4.3,63,好
civil,c027,"公務員法大意",6,300,100,22,13.6,167,好
civil,c026,"消防與災害防救法規概要（警察人員・消防警察人員組）",6,225,100,141,1.6,30,普通
civil,c006,"法學知識",6,300,100,70,4.3,151,好
civil,c001,"國文",6,60,100,32,1.9,16,普通
civil,e011,"教育法規大意",6,300,100,127,2.4,10,好
civil,e013,"稅務法規大意",6,300,100,48,6.2,72,好
civil,e014,"財政學大意",6,300,100,73,4.1,23,好
civil,e019,"會計審計法規大意",6,300,100,48,6.3,150,好
civil,e020,"會計學大意",6,240,100,37,6.5,28,好
civil,e021,"經濟學大意",6,300,100,69,4.3,37,好
civil,e022,"土地法大意",6,300,100,103,2.9,0,好
civil,e023,"土地行政大意",6,300,100,111,2.7,0,好
civil,e024,"圖書館學大意",6,300,100,186,1.6,10,普通
civil,e025,"中文圖書分類編目大意",6,300,100,180,1.7,19,普通
civil,e031,"勞工行政與勞工法規大意",6,300,100,49,6.1,73,好
civil,e034,"地方自治大意",2,100,100,19,5.3,39,好
civil,e032,"臺灣原住民族史大意",2,100,100,67,1.5,0,普通
civil,e033,"原住民族行政及法規大意",2,100,100,65,1.5,0,普通
civil,g015,"會計審計法規",6,150,99,15,9.9,109,好
civil,g025,"稅務法規（財稅法務組）",3,75,99,16,4.6,28,好
civil,g026,"財政學（會計組）",3,75,99,7,10.6,43,好
civil,p006,"行政法概要",6,300,99,47,6.3,115,好
civil,p007,"地方自治概要",6,150,99,31,4.8,98,好
civil,p008,"社會政策與社會立法概要",6,150,99,56,2.6,17,好
civil,p009,"社會工作概要",6,150,99,95,1.6,14,普通
civil,p010,"國籍與戶政法規概要",6,150,99,12,12.3,76,好
civil,p012,"民法概要",6,150,99,85,1.8,4,普通
civil,p013,"稅務法規概要",6,150,99,20,7.5,60,好
civil,p015,"會計學概要（財稅行政組）",6,120,99,85,1.4,2,普通
civil,p025,"動物解剖生理學概要",6,300,99,86,3.5,163,好
civil,g013,"成本與管理會計",6,150,99,27,5.5,11,好
civil,g014,"審計學（會計組）",6,150,99,80,1.9,0,普通
civil,p022,"經濟學概要與財政學概要",6,300,99,36,8.3,105,好
civil,a010,"會計學",6,150,99,97,1.5,16,普通
civil,a011,"中級會計學",6,120,99,88,1.4,9,普通
civil,a014,"政府會計",6,150,99,31,4.8,53,好
civil,a015,"會計審計法規",6,150,99,15,9.9,90,好
civil,b007,"警察法規",6,150,99,35,4.3,22,好
civil,b016,"消防與災害防救法規",6,225,99,121,1.8,29,普通
civil,b019,"海巡法規",6,135,99,59,2.3,14,好
civil,b020,"水上警察情境實務",6,135,99,89,1.5,9,普通
civil,a009,"租稅各論",6,150,99,79,1.9,0,普通
civil,a013,"成本與管理會計",6,150,99,74,2,2,好
civil,a016,"經濟學概論與財政學概論",6,120,99,78,1.5,0,普通
civil,c004,"中華民國憲法概要",6,300,99,47,6.3,14,好
civil,c010,"警察情境實務概要",6,180,99,110,1.6,9,普通
civil,c012,"犯罪偵查概要",6,300,99,135,2.2,74,好
civil,c020,"海巡法規概要（一般警察・水上警察人員輪機組組）",6,280,99,163,1.7,25,普通
civil,c022,"警察法規概要（一般警察・行政警察人員組）",6,200,99,60,3.3,45,好
civil,b022,"警察組織與事務管理",6,175,99,101,1.7,7,普通
civil,e003,"法學大意（一般行政組）",6,300,99,84,3.5,0,好
civil,e004,"行政學大意",6,300,99,189,1.6,2,普通
civil,e007,"社政法規大意",6,300,99,137,2.2,18,好
civil,e008,"社會工作大意",6,300,99,143,2.1,18,好
civil,e010,"人事行政大意",6,300,99,119,2.5,6,好
civil,e012,"教育學大意",6,300,99,124,2.4,10,好
civil,e026,"公務員法大意",6,300,99,45,6.6,71,好
civil,e027,"交通行政大意",6,300,99,101,2.9,57,好
civil,e035,"戶籍法規大意",2,100,99,19,5.2,36,好
civil,g001,"國文",6,60,98,57,1,0,普通
civil,g003,"行政學",6,150,98,90,1.6,1,普通
civil,g012,"政府會計（會計組）",6,150,98,34,4.3,67,好
civil,p003,"行政學概要",6,300,98,183,1.6,2,普通
civil,p005,"政治學概要",6,150,98,96,1.5,0,普通
civil,p027,"計算機概要（資訊處理組）",6,240,98,69,3.4,78,好
civil,g009,"租稅各論",6,150,98,37,4,0,好
civil,g018,"經濟學概論與財政學概論",6,120,98,35,3.4,0,好
civil,p004,"公共管理概要",6,150,98,57,2.6,1,好
civil,p014,"財政學概要",6,150,98,53,2.8,0,好
civil,g019,"行政法（智慧財產行政組）",5,125,98,22,5.6,55,好
civil,a004,"行政法（一般行政組）",6,150,98,31,4.7,74,好
civil,a005,"經濟學",6,150,98,76,1.9,85,普通
civil,a018,"行政法（法制組）",6,150,98,31,4.7,74,好
civil,a019,"民法（法制組）",2,50,98,46,1.1,0,普通
civil,b006,"中華民國憲法與警察專業英文",6,330,98,98,3.3,92,好
civil,b013,"刑案現場處理與刑事鑑識",6,150,98,72,2,1,好
civil,b015,"消防警察情境實務",6,120,98,72,1.6,8,普通
civil,b021,"行政法與警察行政違規調查裁處作業",6,150,98,71,2.1,40,好
civil,b024,"計算機概要（資訊處理組）",6,240,98,56,4.2,82,好
civil,b004,"行政法",6,150,98,68,2.2,20,好
civil,c003,"行政法概要",6,300,98,176,1.7,43,普通
civil,c011,"警察勤務概要",6,200,98,82,2.4,33,好
civil,c016,"海巡法規概要（警察人員・水上警察人員輪機組組）",6,300,98,101,2.9,32,好
civil,c014,"消防警察情境實務概要",6,120,98,73,1.6,27,普通
civil,c008,"中華民國憲法與警察專業英文",6,300,98,163,1.8,126,普通
civil,e028,"運輸學大意",6,300,98,107,2.7,29,好
civil,e016,"保險學大意",6,300,98,59,5,185,好
civil,e009,"法學大意（人事行政組）",5,250,98,49,5,55,好
civil,e001,"國文（一般行政組）",2,100,98,72,1.4,4,普通
civil,e005,"國文（社會行政組）",2,100,98,76,1.3,0,普通
civil,g005,"經濟學",6,150,97,61,2.4,0,好
civil,p023,"計算機概要（電子工程組）",6,240,97,79,2.9,34,好
civil,p030,"經濟學與財政學概要",3,150,97,62,2.4,43,好
civil,b003,"行政學",6,150,97,69,2.1,36,好
civil,b009,"警察學與警察勤務",6,150,97,87,1.7,15,普通
civil,b012,"犯罪偵查學",6,150,97,113,1.3,14,普通
civil,c009,"警察法規概要（警察人員・行政警察人員組）",6,200,97,79,2.4,32,好
civil,c013,"中華民國憲法與消防警察專業英文",6,300,97,102,2.9,65,好
civil,c025,"法學知識與英文",6,300,97,140,2.1,36,好
civil,c018,"消防與災害防救法規概要（一般警察・消防警察人員組）",6,150,97,37,3.9,85,好
civil,c019,"火災學概要",6,150,97,101,1.4,25,普通
civil,c005,"法學緒論",6,300,97,77,3.8,31,好
civil,e017,"統計學大意",6,240,97,22,10.5,31,好
civil,e018,"資料處理大意",6,300,97,63,4.6,30,好
civil,g027,"民法（司法行政組）",3,75,96,47,1.5,50,普通
civil,g016,"審計學（財務審計組）",6,150,96,43,3.3,14,好
civil,b005,"社會學與社會工作",6,225,96,159,1.4,0,普通
civil,b008,"警察情境實務",6,135,96,85,1.5,16,普通
civil,c015,"中華民國憲法與水上警察專業英文",6,300,96,167,1.7,124,普通
civil,e002,"公民與英文（一般行政組）",6,300,96,69,4.2,70,好
civil,a008,"財政學",6,150,95,72,2,59,好
civil,b023,"計算機概要（電子工程組）",6,240,95,54,4.2,46,好
civil,b014,"中華民國憲法與消防警察專業英文",6,290,95,141,2,112,好
civil,b018,"中華民國憲法與水上警察專業英文",6,280,95,110,2.4,109,好
civil,c007,"普通物理學概要與普通化學概要",6,260,95,157,1.6,3,普通
civil,c023,"犯罪學概要",6,200,95,107,1.8,0,普通
civil,g029,"民法（法制組）",2,50,94,41,1.1,1,普通
civil,b010,"警察政策與犯罪預防",6,200,94,99,1.9,1,普通
civil,g002,"法學知識與英文",6,300,93,60,4.7,63,好
civil,g020,"工程數學",6,120,93,32,3.5,8,好
civil,p026,"計算機概要（工業行政組）",4,160,93,23,6.4,28,好
civil,b002,"法學知識與英文",6,300,93,89,3.1,96,好
civil,a003,"行政學",6,150,92,81,1.7,48,普通
civil,c002,"英文",6,300,92,61,4.5,149,好
civil,e006,"公民與英文（社會行政組）",5,250,92,157,1.5,7,普通
civil,p002,"法學知識與英文",6,300,91,61,4.5,84,好
civil,a002,"法學知識與英文",6,300,91,69,3.9,71,好
civil,b025,"動物解剖生理學概要",6,300,85,136,1.9,0,普通
civil,b029,"基礎能力測驗",2,60,83,31,1.6,11,普通
civil,a017,"工程數學",6,120,81,43,2.3,36,好
civil,e015,"貨幣銀行學大意",6,300,80,69,3.5,143,好
civil,e029,"電子學大意",6,240,79,58,3.3,13,好
civil,c029,"電子學大意",6,240,74,60,3,83,好
civil,p024,"有機化學概要",6,150,73,7,15.6,87,好
civil,e030,"基本電學大意",6,240,70,42,4,39,好
civil,b026,"有機化學概要",5,125,68,30,2.8,39,普通
civil,c028,"基本電學大意",6,240,60,67,2.1,51,普通
law,law1b,"綜合法學（一）刑法組",6,450,100,41,11,166,好
law,law2a,"綜合法學（二）民法組",6,480,100,8,60,400,好
law,law2b,"綜合法學（二）商法組",6,420,100,51,8.2,239,好
law,law1a,"綜合法學（一）憲法組",6,450,99,90,5,214,好
medical,cmb1,"中醫基礎醫學（一）",6,480,100,263,1.8,35,普通
medical,cmc1,"中醫臨床醫學（一）",6,480,100,328,1.5,3,普通
medical,cmc2,"中醫臨床醫學（二）",6,480,100,289,1.7,18,普通
medical,ph4,"藥學（四）",6,480,100,458,1,0,普通
medical,ph5,"藥學（五）",6,480,100,474,1,0,普通
medical,nur1,"基礎醫學",6,300,100,18,16.6,139,好
medical,nur2,"基本護理學與護理行政",6,300,100,78,3.8,119,好
medical,nur3,"內外科護理學",6,300,100,22,13.6,212,好
medical,nur4,"產兒科護理學",6,300,100,22,13.6,224,好
medical,nur5,"精神科與社區衛生護理學",6,300,100,80,3.7,96,好
medical,nut3,"膳食療養學",6,240,100,237,1,4,普通
medical,cmb2,"中醫基礎醫學（二）",6,480,99,326,1.5,189,普通
medical,ph6,"藥學（六）",6,300,99,291,1,0,普通
medical,mlt3,"生物化學與臨床生化學",6,480,99,442,1.1,0,普通
medical,mlt6,"微生物學與臨床微生物學",6,480,99,323,1.5,3,普通
medical,ot2,"職能治療學概論",6,480,99,370,1.3,10,普通
medical,ot4,"心理障礙職能治療學",6,480,99,461,1,8,普通
medical,nut4,"團體膳食設計與管理",6,240,99,129,1.8,0,普通
medical,med1,"醫學（一）",6,600,98,474,1.2,8,普通
medical,cmc3,"中醫臨床醫學（三）",6,480,98,398,1.2,2,普通
medical,cmc4,"中醫臨床醫學（四）",6,480,98,367,1.3,2,普通
medical,ph2,"藥學（二）",6,480,98,378,1.2,0,普通
medical,mlt5,"醫學分子檢驗學與臨床鏡檢學",6,480,98,306,1.5,0,普通
medical,pt2,"物理治療學概論",6,480,98,261,1.8,12,普通
medical,pt4,"神經疾病物理治療學",6,480,98,161,2.9,216,好
medical,pt6,"心肺疾病與小兒疾病物理治療學",6,480,98,308,1.5,70,普通
medical,nut6,"食品衛生與安全",6,300,98,137,2.2,55,好
medical,ph1,"藥學（一）",6,480,97,427,1.1,0,普通
medical,ph3,"藥學（三）",6,480,97,366,1.3,9,普通
medical,ot5,"小兒職能治療學",6,480,97,109,4.3,343,好
medical,nut5,"公共衛生營養學",6,300,97,242,1.2,6,普通
medical,mlt4,"臨床血清免疫學與臨床病毒學",6,480,96,239,1.9,126,普通
medical,pt3,"物理治療技術學",6,480,96,168,2.7,123,好
medical,ot3,"生理障礙職能治療學",6,480,96,440,1,7,普通
medical,mlt2,"臨床血液學與血庫學",6,480,95,215,2.1,76,好
medical,ot6,"職能治療技術學",6,480,94,425,1.1,1,普通
medical,med4,"醫學（四）",6,480,92,379,1.2,0,普通
medical,med2,"醫學（二）",6,600,91,434,1.3,2,普通
medical,mlt1,"臨床生理學與病理學",6,480,91,155,2.8,253,好
medical,pt5,"骨科疾病物理治療學",6,480,91,396,1.1,0,普通
medical,nut2,"營養學",6,300,90,214,1.3,3,普通
medical,med3,"醫學（三）",6,480,87,365,1.1,4,普通
medical,med5,"醫學（五）",6,480,85,359,1.1,2,普通
medical,med6,"醫學（六）",6,480,85,350,1.2,1,普通
medical,pt1,"物理治療基礎學",6,480,80,252,1.5,52,普通
medical,dent6,"牙醫學（六）",6,480,34,101,1.6,155,差
medical,dent3,"牙醫學（三）",6,480,15,41,1.7,7,差
medical,ot1,"解剖學與生理學",6,480,14,53,1.2,9,差
medical,nut1,"生理學與生物化學",6,300,13,35,1.1,0,差
medical,dent4,"牙醫學（四）",6,480,10,31,1.6,67,差
medical,dent1,"牙醫學（一）",6,480,8,22,1.8,22,差
medical,dent2,"牙醫學（二）",6,480,7,19,1.7,5,差
medical,dent5,"牙醫學（五）",6,480,6,20,1.5,187,差
teacher,t1001,"國語文能力測驗",6,150,100,37,4.1,0,好
teacher,t2001,"教育理念與實務",6,150,100,110,1.4,8,普通
teacher,t2003,"課程教學與評量",6,150,100,109,1.4,22,普通
teacher,t3001,"教育理念與實務",6,150,100,113,1.3,8,普通
teacher,t3002,"學習者發展與適性輔導",6,150,100,120,1.3,7,普通
teacher,t3003,"課程教學與評量",6,150,100,110,1.4,15,普通
teacher,t4001,"教育理念與實務",6,150,100,114,1.3,8,普通
teacher,t4002,"學習者發展與適性輔導",6,150,100,123,1.2,8,普通
teacher,t4003,"課程教學與評量",6,150,100,106,1.4,11,普通
teacher,t5001,"教育理念與實務",6,150,100,115,1.3,8,普通
teacher,t5005,"學習者發展與適性輔導（身心障礙組）",1,25,100,20,1.3,0,普通
teacher,t5006,"學習者發展與適性輔導（資賦優異組）",1,25,100,20,1.3,0,普通
teacher,t2005,"幼兒發展與輔導",6,185,100,128,1.4,23,普通
teacher,t2006,"幼兒園課程與教學",1,30,100,23,1.3,0,普通
teacher,t3005,"教育原理與制度",6,240,100,162,1.5,4,普通
teacher,t3006,"兒童發展與輔導",6,185,100,130,1.4,6,普通
teacher,t3007,"國民小學課程與教學",6,185,100,126,1.5,25,普通
teacher,t4004,"教育原理與制度",6,240,100,164,1.5,4,普通
teacher,t5010,"特殊教育課程與教學（資賦優異組）",6,180,100,118,1.5,41,普通
teacher,t4006,"中等學校課程與教學",6,190,100,152,1.3,5,普通
teacher,t5011,"教育原理與制度（身心障礙組）",1,40,100,39,1,0,普通
teacher,t5012,"教育原理與制度（資賦優異組）",1,40,100,39,1,0,普通
teacher,t5003,"課程教學與評量（身心障礙組）",6,150,99,92,1.6,41,普通
teacher,t5004,"課程教學與評量（資賦優異組）",6,150,99,118,1.3,0,普通
teacher,t2004,"教育原理與制度",6,240,99,163,1.5,4,普通
teacher,t5008,"特殊教評量與輔導",6,180,99,128,1.4,10,普通
teacher,t5009,"特殊教育課程與教學（身心障礙組）",6,180,99,123,1.4,26,普通
teacher,t2007,"幼稚園課程與教學",6,180,99,148,1.2,3,普通
teacher,t5002,"學習者發展與適性輔導",5,125,98,97,1.3,6,普通
teacher,t4005,"青少年發展與輔導",6,185,98,131,1.4,1,普通
teacher,t5007,"教育原理與制度",6,240,98,163,1.4,4,普通
teacher,t2002,"學習者發展與適性輔導",6,150,96,111,1.3,13,普通
teacher,t3004,"數學能力測驗",6,156,83,75,1.7,27,普通
teacher,t3008,"國民小學數學能力測驗",4,120,78,51,1.8,12,普通
tourism,d018,"導遊實務（二）",6,300,99,107,2.8,108,好
tourism,l011,"領隊實務（二）",6,300,99,117,2.5,102,好
tourism,l002,"領隊實務（二）（外語組）",5,400,99,184,2.1,72,好
tourism,d001,"導遊實務（一）",6,300,98,158,1.9,9,普通
tourism,l010,"觀光資源概要（華語組）",6,300,98,281,1,0,普通
tourism,d017,"導遊實務（二）（華語組）",5,400,98,173,2.3,82,好
tourism,l009,"領隊實務（二）（華語組）",5,400,98,199,2,70,好
tourism,d003,"觀光資源概要",6,300,97,235,1.2,0,普通
tourism,l001,"領隊實務（一）",6,300,97,126,2.3,8,好
tourism,d002,"導遊實務（二）（外語組）",5,340,96,149,2.2,98,好
tourism,l003,"觀光資源概要（外語組）",6,300,95,165,1.7,54,普通
tourism,d005,"外國語（日語）",6,480,94,144,3.1,138,好
tourism,d006,"外國語（法語）",6,480,94,427,1.1,1,普通
tourism,l005,"外國語（日語）",6,480,94,429,1.1,0,普通
tourism,d010,"外國語（泰語）",6,480,93,414,1.1,0,普通
tourism,d016,"外國語（馬來語）",6,480,93,360,1.2,18,普通
tourism,l008,"外國語（西班牙語）",6,480,93,438,1,0,普通
tourism,d008,"外國語（西班牙語）",6,480,92,235,1.9,58,普通
tourism,d007,"外國語（德語）",6,480,91,322,1.4,14,普通
tourism,d012,"外國語（俄語）",6,480,91,72,6,259,好
tourism,d013,"外國語（義大利語）",6,480,91,293,1.5,51,普通
tourism,d004,"外國語（英語）",6,480,90,261,1.7,2,普通
tourism,d015,"外國語（印尼語）",6,480,90,373,1.2,2,普通
tourism,d009,"外國語（韓語）",6,480,88,310,1.4,1,普通
tourism,d019,"外國語（土耳其語）",4,320,88,274,1,3,普通
tourism,l007,"外國語（德語）",6,480,88,169,2.5,142,好
tourism,d014,"外國語（越南語）",6,480,87,337,1.2,4,普通
tourism,l004,"外國語（英語）",6,480,87,413,1,0,普通
tourism,l006,"外國語（法語）",6,480,87,289,1.4,51,普通
